{
  "film_base": {
    "source": {
      "explicit": [
        0.51679254,
        0.2768597,
        0.18973067
      ]
    }
  },
  "density": {
    "dmax": {
      "explicit": 1.2933096
    }
  },
  "output": {
    "hdr": true
  }
}
